{
  "project_info": {
    "project_number": "665319323352",
    "firebase_url": "https://genki-dama-34a29.firebaseio.com",
    "project_id": "genki-dama-34a29",
    "storage_bucket": "genki-dama-34a29.appspot.com"
  },
  "client": [
    {
      "client_info": {
        "mobilesdk_app_id": "1:665319323352:android:c78bb5748b9253e65509ad",
        "android_client_info": {
          "package_name": "cl.dominis.genkidama"
        }
      },
      "oauth_client": [
        {
          "client_id": "665319323352-n95a326ri7omp8ng6lj1hhujsuj5gcb0.apps.googleusercontent.com",
          "client_type": 3
        }
      ],
      "api_key": [
        {
          "current_key": "AIzaSyDePexxXzgqzYHZjHSlaJLOIcFk4I80KD8"
        }
      ],
      "services": {
        "appinvite_service": {
          "other_platform_oauth_client": [
            {
              "client_id": "665319323352-n95a326ri7omp8ng6lj1hhujsuj5gcb0.apps.googleusercontent.com",
              "client_type": 3
            }
          ]
        }
      }
    }
  ],
  "configuration_version": "1"
}